{
  "is_directed": false,
  "number_of_vertices": 36510,
  "number_of_edges": 551227,
  "is_connected": true,
  "number_of_components": 1,
  "density": 0.0008270822623484014,
  "average_degree": 30.195946316077787,
  "max_degree": 697,
  "degree_std": 26.335831334001842,
  "average_in_degree": null,
  "average_out_degree": null,
  "diameter": 7,
  "average_path_length": 3.755763730406626,
  "transitivity": 0.11862590583484345,
  "average_clustering": 0.201592685598874,
  "modularity": null,
  "number_of_clusters": null,
  "average_cluster_size": null,
  "max_cluster_size": null,
  "min_cluster_size": null,
  "cluster_size_std": null,
  "assortativity": 0.05259541427118152,
  "average_edge_weight": 0.4744102881165217,
  "edge_weight_std": 0.1942970956510247,
  "max_edge_weight": 0.99217963218689,
  "min_edge_weight": 0.300000011920929,
  "average_betweenness": 50305.089016707716,
  "max_betweenness": 16644692.028034091,
  "betweenness_centralization": 0.024900222553668,
  "average_closeness": 0.26791874615749395,
  "max_closeness": 0.3785434336312548,
  "average_eigenvector": 0.013143218919110616,
  "max_eigenvector": 1.0,
  "small_world_sigma": 200.07256267118976,
  "small_world_omega": -242.5279697069389,
  "reciprocity": null
}