iterations,quality
-1,341502.4400146972
2,340476.4835129592
6,341404.278266225
10,341458.26577153424
50,341564.384869361
100,341595.803026124
200,341624.2955213118
400,341830.468565202
800,341835.15661340416
