iterations,quality
-1,352763.61481664324
2,351579.81240549777
6,352359.8194644157
10,352468.3630304243
50,352828.4225161365
100,352893.42611855385
200,352939.8211424463
400,352966.47059902176
800,352966.9946683014
