,count,mean,std,min,25%,50%,75%,max,median,skewness,NaNs
Titles,40643.0,13.648303520901509,5.392837288858887,1.0,10.0,13.0,17.0,74.0,13.0,0.5973836859740027,0
Abstracts,36975.0,220.712400270453,88.86202935058333,3.0,170.0,221.0,259.0,1826.0,221.0,2.685884680284954,3668
